Workbook

Sheet Power & Mass breakdown
A1: SYSTEM BREAKDOWN
A3: INPUTS
A4: FC gross power (nominal) | B4: 2500 | C4: kW
A5: Stack unit nominal power | B5: ='FC stacks'!B4 -> 100 | C5: kW
A6: Altitude | B6: 0 | C6: ft
A7: Ambient temperature | B7: 24 | C7: °C
A9: OUTPUTS
A10: # Stacks | B10: =B4/B5 -> 25 | C10: -
A11: System Weight | B11: =B28 -> 1991.8 | C11: kg
A12: FC net power (nominal) | B12: =B4-C28 -> 2139.9465 | C12: kW
A13: Heat rejection | B13: =B4/0.5*0.35 -> 1750 | C13: kW
A14: Hydrogen flow rate | B14: =0.000000357*B4*1000/0.65 -> 1.3730769 | C14: kg/s
A16: COMPONENTS | B16: Mass (kg) | C16: Power (kW) | D16: Volume (L)
A17: Stacks | B17: =B4/'FC stacks'!B5 -> 714.28571 | C17: - | D17: =B4/'FC stacks'!B6 -> 741.83976
A18: Compressor | B18: =SLOPE(Table4[Mass (kg)],Table4[FC gross power '[kW']])*('Power & Mass breakdown'!B4)+INTERCEPT(Table4[Mass (kg)],Table4[FC gross power '[kW']]) -> 41.037849 | C18: =SLOPE(Table4[Power (kW)],Table4[FC gross power '[kW']])*('Power & Mass breakdown'!B4)+INTERCEPT(Table4[Power (kW)],Table4[FC gross power '[kW']]) -> 263.37827 | D18: - | E18: =SLOPE(Table4[Mass (kg)],Table4[FC gross power '[kW']])*('Power & Mass breakdown'!B4)+INTERCEPT(Table4[Mass (kg)],Table4[FC gross power '[kW']]) -> 41.037849 | F18: =SLOPE(Table4[Power (kW)],Table4[FC gross power '[kW']])*('Power & Mass breakdown'!B4)+INTERCEPT(Table4[Power (kW)],Table4[FC gross power '[kW']]) -> 263.37827
A19: Humidifiers | B19: =B10*Humidifier!B16 -> 175 | C19: - | D19: =B10*Humidifier!C16 -> 325
A20: Cooling module | B20: =B4*'Cooling module'!B29 -> 450 | C20: =B10*'Cooling module'!B60 -> 17.5 | D20: -
A21: FC SYSTEM | B21: =SUM(B17:B20) -> 1380.3236 | C21: =SUM(C17:C20) -> 280.87827 | D21: =SUM(D17:D20) -> 1066.8398
A22: Power Electronics | B22: =B4/'Power electronics'!B5+'Power & Mass breakdown'!B4/'Power electronics'!B14 -> 136.47643 | C22: =(1-'Power electronics'!B6*'Power electronics'!B15)*'Power & Mass breakdown'!B4 -> 79.17525 | D22: =B4/'Power electronics'!B7+'Power & Mass breakdown'!B4/'Power electronics'!B16 -> 117.48252
A23: Valves | B23: =B10*2*('Fuel system'!B5+'Fuel system'!B9) -> 175 | C23: - | D23: -
A24: Radiators / Skin Heat Exchangers | B24: See thermal management study
A25: Tank | B25: =Tank!B20 -> 152 | C25: - | D25: =Tank!B22 -> 3000
A26: Hydrogen | B26: =Tank!B19 -> 75 | C26: N/A | D26: -
A27: H2 Piping | B27: 73 | C27: N/A | D27: -
A28: TOTAL (excl. Radiators/SHX) | B28: =SUM(B21:B23)+SUM(B25:B27) -> 1991.8 | C28: =SUM(C21:C22) -> 360.05352 | D28: =SUM(D21:D23)+SUM(D25:D27) -> 4184.3223
A30: FC System specific power | B30: =(B12)/(B21) -> 1.5503224 | C30: kW/kg
A31: BoP power / Gross power | B31: =C28/B4 -> 0.14402141
A33: Power split | B33: =B12/(2132/0.735499) -> 0.73824038
A35: OWE increase | B35: =(B28-B26)/13500 -> 0.14198518
A36: Fuel weight savings | B36: =120/43*B26 -> 209.30233 | C36: kg
A68: SPECIFIC POWER - SENSITIVITY STUDY
A70: Assumption
A71: 100 kW stacks @ 3.5kW/kg
A72: Radiators fan consumption included (estimate from AKG radiators)
A74: 1 compressor / system
A75: System Gross Power [kW] | B75: Net Power [kW] | C75: System weight [kg] | D75: Column1 | E75: Specific power [kW/kg] | F75: Efficiency
A76: 100 | B76: =Table5[[#This Row],[System Gross Power '[kW']]]*0.89 -> 89 | C76: 66 | E76: =Table5[[#This Row],[Net Power '[kW']]]/Table5[[#This Row],[System weight '[kg']]] -> 1.3484848 | F76: =Table5[[#This Row],[Net Power '[kW']]]/Table5[[#This Row],[System Gross Power '[kW']]] -> 0.89
A77: 200 | B77: =Table5[[#This Row],[System Gross Power '[kW']]]*0.89 -> 178 | C77: 120.8 | E77: =Table5[[#This Row],[Net Power '[kW']]]/Table5[[#This Row],[System weight '[kg']]] -> 1.4735099 | F77: =Table5[[#This Row],[Net Power '[kW']]]/Table5[[#This Row],[System Gross Power '[kW']]] -> 0.89
A78: 300 | B78: =Table5[[#This Row],[System Gross Power '[kW']]]*0.89 -> 267 | C78: 175.5 | E78: =Table5[[#This Row],[Net Power '[kW']]]/Table5[[#This Row],[System weight '[kg']]] -> 1.5213675 | F78: =Table5[[#This Row],[Net Power '[kW']]]/Table5[[#This Row],[System Gross Power '[kW']]] -> 0.89
A79: 400 | B79: =Table5[[#This Row],[System Gross Power '[kW']]]*0.89 -> 356 | C79: 230.3 | E79: =Table5[[#This Row],[Net Power '[kW']]]/Table5[[#This Row],[System weight '[kg']]] -> 1.5458098 | F79: =Table5[[#This Row],[Net Power '[kW']]]/Table5[[#This Row],[System Gross Power '[kW']]] -> 0.89
A80: 500 | B80: =Table5[[#This Row],[System Gross Power '[kW']]]*0.89 -> 445 | C80: 285.1 | E80: =Table5[[#This Row],[Net Power '[kW']]]/Table5[[#This Row],[System weight '[kg']]] -> 1.5608558 | F80: =Table5[[#This Row],[Net Power '[kW']]]/Table5[[#This Row],[System Gross Power '[kW']]] -> 0.89
A81: 600 | B81: =Table5[[#This Row],[System Gross Power '[kW']]]*0.89 -> 534 | C81: 339.8 | E81: =Table5[[#This Row],[Net Power '[kW']]]/Table5[[#This Row],[System weight '[kg']]] -> 1.5715127 | F81: =Table5[[#This Row],[Net Power '[kW']]]/Table5[[#This Row],[System Gross Power '[kW']]] -> 0.89
A82: 700 | B82: =Table5[[#This Row],[System Gross Power '[kW']]]*0.89 -> 623 | C82: 394.6 | E82: =Table5[[#This Row],[Net Power '[kW']]]/Table5[[#This Row],[System weight '[kg']]] -> 1.578814 | F82: =Table5[[#This Row],[Net Power '[kW']]]/Table5[[#This Row],[System Gross Power '[kW']]] -> 0.89
A83: 800 | B83: =Table5[[#This Row],[System Gross Power '[kW']]]*0.89 -> 712 | C83: 449.4 | E83: =Table5[[#This Row],[Net Power '[kW']]]/Table5[[#This Row],[System weight '[kg']]] -> 1.5843347 | F83: =Table5[[#This Row],[Net Power '[kW']]]/Table5[[#This Row],[System Gross Power '[kW']]] -> 0.89
A84: 900 | B84: =Table5[[#This Row],[System Gross Power '[kW']]]*0.89 -> 801 | C84: 504.1 | E84: =Table5[[#This Row],[Net Power '[kW']]]/Table5[[#This Row],[System weight '[kg']]] -> 1.5889704 | F84: =Table5[[#This Row],[Net Power '[kW']]]/Table5[[#This Row],[System Gross Power '[kW']]] -> 0.89
A85: 1000 | B85: =Table5[[#This Row],[System Gross Power '[kW']]]*0.89 -> 890 | C85: 558.9 | E85: =Table5[[#This Row],[Net Power '[kW']]]/Table5[[#This Row],[System weight '[kg']]] -> 1.5924137 | F85: =Table5[[#This Row],[Net Power '[kW']]]/Table5[[#This Row],[System Gross Power '[kW']]] -> 0.89
A86: 1200 | B86: =Table5[[#This Row],[System Gross Power '[kW']]]*0.89 -> 1068 | C86: 668.4 | E86: =Table5[[#This Row],[Net Power '[kW']]]/Table5[[#This Row],[System weight '[kg']]] -> 1.5978456 | F86: =Table5[[#This Row],[Net Power '[kW']]]/Table5[[#This Row],[System Gross Power '[kW']]] -> 0.89
A87: 1400 | B87: =Table5[[#This Row],[System Gross Power '[kW']]]*0.89 -> 1246 | C87: 777.9 | E87: =Table5[[#This Row],[Net Power '[kW']]]/Table5[[#This Row],[System weight '[kg']]] -> 1.6017483 | F87: =Table5[[#This Row],[Net Power '[kW']]]/Table5[[#This Row],[System Gross Power '[kW']]] -> 0.89
... A93: 2500 | B93: =Table5[[#This Row],[System Gross Power '[kW']]]*0.89 -> 2225 | C93: 1380.3 | E93: =Table5[[#This Row],[Net Power '[kW']]]/Table5[[#This Row],[System weight '[kg']]] -> 1.6119684 | F93: =Table5[[#This Row],[Net Power '[kW']]]/Table5[[#This Row],[System Gross Power '[kW']]] -> 0.89

Sheet FC stacks
A1: FC STACKS
A4: Stack Max Power | B4: 100 | C4: kW
A5: Specific power | B5: 3.5 | C5: kW/kg
A6: Power density | B6: 3.37 | C6: kW/L
A10: PowerCell S3
A11: https://www.powercell.se/wordpress/wp-content/uploads/2018/12/S3-Produktblad-190430.pdf
A13: STACK S3 | B13: 49 kW | C13: 63 kW | D13: 81 kW | E13: 98 kW | F13: 125 kW
A14: Max power (kW) | B14: 49 | C14: 63 | D14: 81 | E14: 98 | F14: 125
A15: Dimensions | B15: 420x271x156 | C15: 420x321x156 | D15: 420x383x156 | E15: 420x444x156 | F15: 420x568x156
A16: Weight (kg) | B16: 21 | C16: 25 | D16: 29 | E16: 34 | F16: 43
A17: Specific Power (kW/kg) | B17: =B14/B16 -> 2.3333333 | C17: =C14/C16 -> 2.52 | D17: =D14/D16 -> 2.7931034 | E17: =E14/E16 -> 2.8823529 | F17: =F14/F16 -> 2.9069767
A18: Power Density (kW/L) | B18: =B14/(420*271*156/1000000) -> 2.759643 | C18: =C14/(420*321*156/1000000) -> 2.9954469 | D18: =D14/(420*383*156/1000000) -> 3.2278427 | E18: =E14/(420*444*156*0.000001) -> 3.3687534 | F18: =F14/(420*568*156*0.000001) -> 3.3588282
A19: Cell count | B19: 167 | C19: 215 | D19: 275 | E19: 335 | F19: 455
A20: Power/Cell | B20: =B14/B19 -> 0.29341317 | C20: =C14/C19 -> 0.29302326 | D20: =D14/D19 -> 0.29454545 | E20: =E14/E19 -> 0.29253731 | F20: =F14/F19 -> 0.27472527
A21: Acell | B21: =300/0.52 -> 576.92308 | C21: =300/0.52 -> 576.92308 | D21: =300/0.52 -> 576.92308 | E21: =300/0.52 -> 576.92308 | F21: =300/0.52 -> 576.92308
A22: Power/Area (W/m2) | B22: =B14*1000/B21/B19 -> 0.50858283 | C22: =C14*1000/C21/C19 -> 0.50790698 | D22: =D14*1000/D21/D19 -> 0.51054545 | E22: =E14*1000/E21/E19 -> 0.50706468 | F22: =F14*1000/F21/F19 -> 0.47619048
A24: STACK S2 | B24: Column1 | C24: Column2 | D24: Column3 | E24: Column4 | F24: Column5
A25: Max power (kW) | B25: 3 | C25: 6.5 | D25: 10 | E25: 26 | F25: 35.5
A26: Dimensions | B26: 490x125x155 | C26: 490x158x155 | D26: 490x192x155 | E26: 490x358x155 | F26: 490x459x155
A27: Weight (kg) | B27: 11.2 | C27: 13.7 | D27: 29 | E27: 34 | F27: 43
A28: Specific Power (kW/kg) | B28: =B25/B27 -> 0.26785714 | C28: =C25/C27 -> 0.47445255 | D28: =D25/D27 -> 0.34482759 | E28: =E25/E27 -> 0.76470588 | F28: =F25/F27 -> 0.8255814
A29: Power Density (kW/L)
A30: Cell count | B30: 24 | C30: 48 | D30: 72 | E30: 192 | F30: 264
A31: Power/Cell | B31: =B25/B30 -> 0.125 | C31: =C25/C30 -> 0.13541667 | D31: =D25/D30 -> 0.13888889 | E31: =E25/E30 -> 0.13541667 | F31: =F25/F30 -> 0.1344697
A32: Acell | B32: =120/0.52 -> 230.76923 | C32: =120/0.52 -> 230.76923 | D32: =120/0.52 -> 230.76923 | E32: =120/0.52 -> 230.76923 | F32: =120/0.52 -> 230.76923
A33: Power/Area (W/m2) | B33: =B25*1000/B30/B32 -> 0.54166667 | C33: =C25*1000/C30/C32 -> 0.58680556 | D33: =D25*1000/D30/D32 -> 0.60185185 | E33: =E25*1000/E30/E32 -> 0.58680556 | F33: =F25*1000/F30/F32 -> 0.58270202

Sheet Humidifier
A1: Membrane Humidifiers
A3: FC Stack Power | B3: 100 | C3: kW
A4: Humidifier Weight | B4: 7 | C4: kg | D4: per stack
A7: FUMATECH – Ecomate High Performance Membrane Humidifiers for Fuel Cells
A8: https://www.fumatech.com/NR/rdonlyres/0B9A1C7F-5BA6-4409-A003-5C4E79CD61AB/0/FUMATECH_BWT_GmbHMembrane_Humidifiers.pdf
A9: Fuel cell stack power (kW) | B9: Dry weight (kg) | C9: Volume (L) | D9: Specific power (kW/kg)
A10: 0.7 | B10: 0.4 | C10: 0.6 | D10: =A10/B10 -> 1.75
A11: 2 | B11: 0.6 | C11: 1 | D11: =A11/B11 -> 3.3333333
A12: 7 | B12: 3 | C12: 4 | D12: =A12/B12 -> 2.3333333
A13: 10 | B13: 3 | C13: 4 | D13: =A13/B13 -> 3.3333333
A14: 30 | B14: 5 | C14: 7 | D14: =A14/B14 -> 6
A15: 70 | B15: 6 | C15: 11 | D15: =A15/B15 -> 11.666667
A16: 110 | B16: 7 | C16: 13 | D16: =A16/B16 -> 15.714286
A37: DOE Technical Targets for Fuel Cell System Humidifiers and Air Compression Systems
A38: https://www.energy.gov/eere/fuelcells/doe-technical-targets-fuel-cell-system-humidifiers-and-air-compression-systems
A40: FC power / compressor weight ratio | B40: =80/5 -> 16 | C40: kW/kg

Sheet Compressor
A1: COMPRESSOR
A2: See Jupyter Notebooks for more information
A6: Assumptions
A7: P_1 | B7: 0.522 | C7: bar (20 000 ft)
A8: P_2 | B8: 1 | C8: bar (FC operating pressure)
A9: T_1 | B9: 21.7 | C9: °C (20 000 ft)
B11: One single compressor | D11: One compressor per stack of 100kW
A12: FC gross power [kW] | B12: Mass (kg) | C12: Power (kW) | D12: Mass n (kg) | E12: Power n (kW)
A13: 100 | B13: 12.443818 | C13: 10.535131 | D13: 12.443818 | E13: 10.535131
A14: 200 | B14: 13.635236 | C14: 21.070262 | D14: 24.887636 | E14: 21.070262
A15: 300 | B15: 14.826654 | C15: 31.605393 | D15: 37.331454 | E15: 31.605393
A16: 400 | B16: 16.018072 | C16: 42.140524 | D16: 49.775272 | E16: 42.140524
A17: 500 | B17: 17.20949 | C17: 52.675655 | D17: 62.21909 | E17: 52.675655
A18: 600 | B18: 18.400908 | C18: 63.210786 | D18: 74.662908 | E18: 63.210786
A19: 700 | B19: 19.592326 | C19: 73.745917 | D19: 87.106726 | E19: 73.745917
A20: 800 | B20: 20.783744 | C20: 84.281047 | D20: 99.550544 | E20: 84.281047
A21: 900 | B21: 21.975162 | C21: 94.816178 | D21: 111.99436 | E21: 94.816178
A22: 1000 | B22: 23.16658 | C22: 105.35131 | D22: 124.43818 | E22: 105.35131
A23: 1100 | B23: 24.357998 | C23: 115.88644 | D23: 136.882 | E23: 115.88644
A24: 1200 | B24: 25.549415 | C24: 126.42157 | D24: 149.32582 | E24: 126.42157
... A37: 2500 | B37: 41.037849 | C37: 263.37827 | D37: 311.09545 | E37: 263.37827
A39: Example
A40: FC gross power | B40: 2000 | C40: kW
A41: Compressor weight | B41: =SLOPE(B13:B37,A13:A37)*B40+INTERCEPT(B13:B37,A13:A37) -> 35.080759 | C41: kg | D41: (1 compressor/system)
A42: Power consumption | B42: =SLOPE(C13:C37,A13:A37)*B40+INTERCEPT(C13:C37,A13:A37) -> 210.70262 | C42: kW | D42: (1 compressor/system)
A46: Model verification - 100 kW stack
A48: Hypothesis
A49: Stack power | B49: 100 | C49: kW
A50: Number compressors | B50: 1 | C50: /stack
A51: Pressure ratio | B51: 2
A54: Outputs
A55: Flow rate | B55: =0.11*1000 -> 110 | C55: g/s | D55: See Python Model
A56: Power consumption | B56: 11.1 | C56: kW | D56: See Python Model
A58: Mass (kg) | B58: 12.6 | C58: Mass model 1
B59: 10 | C59: INN-BALANCE project / Celeroton turbo-compressors (100 kW Fuel Cell)
B60: 15 | C60: DOE technical targets 2020 (80 kW Fuel Cell)
B61: 8.5 | C61: Fischer EMTCT-120k - Swiss hydrogen 100kW FCS study
A62: Average mass (kg) | B62: =AVERAGE(B58:B61) -> 11.525
A64: Volume (L) | B64: =400*220*80*0.000001 -> 7.04 | C64: Fischer EMTCT-120k - Swiss hydrogen 100kW FCS study
B65: =310.7*154.4*191.5*0.000001 -> 9.1866533 | C65: INN-BALANCE project / Celeroton turbo-compressors (100 kW Fuel Cell)
B66: =AVERAGE(B64:B65) -> 8.1133267
A71: Sensitivity study
A97: High temperatures | K97: 100kW FC @ 1 bar | O97: 100kW FC @ 1.5 bar
A98: Altitude (ft) | B98: Altitude (m) | C98: ISA (K) | D98: Inlet air temperature (°C) | E98: Inlet air temperature (K) | F98: TAS (m/s) | G98: Mach | H98: Static pressure (Pa) | I98: Dynamic pressure (P) | J98: Total pressure (Pa) | K98: Fuel cell target pressure (Pa) | L98: Compressor weight (kg) | M98: E-motor Power (kW) | N98: Outlet air temperature (°C) | O98: Fuel cell target pressure (Pa) | P98: Compressor weight (kg) | Q98: E-motor Power (kW) | R98: Outlet air temperature (°C) | S98: Fuel cell target temperature (°C)
A99: 0 | B99: =0.3048*A99 -> 0 | C99: =[1]!Tstatic(B99,0) -> #NAME? | D99: 55 | E99: =273.15+D99 -> 328.15 | F99: 0 | G99: =[1]!Mach_Vtas(B99,F99,E99-C99) -> #NAME? | H99: =[1]!Pstatic(B99) -> #NAME? | I99: =[1]!Pdyn(H99,G99) -> #NAME? | J99: =[1]!Ptotal(H99,G99) -> #NAME? | K99: 101325 | L99: 11.25 | M99: 0 | N99: 54.85 | O99: 101325 | P99: 12 | Q99: 7.1 | R99: 112.4 | S99: 80
A100: 5000 | B100: =0.3048*A100 -> 1524 | C100: =[1]!Tstatic(B100,0) -> #NAME? | D100: =[1]!Interpolation_lin(($A$99,$A$105),($D$99,$D$105),A100) -> #NAME? | E100: =273.15+D100 -> #NAME? | F100: 94 | G100: =[1]!Mach_Vtas(B100,F100,E100-C100) -> #NAME? | H100: =[1]!Pstatic(B100) -> #NAME? | I100: =[1]!Pdyn(H100,G100) -> #NAME? | J100: =[1]!Ptotal(H100,G100) -> #NAME? | K100: 101325 | L100: 11.46 | M100: 1.86 | N100: 62.02 | O100: 101325 | P100: 12.3 | Q100: 9.1 | R100: 121.4 | S100: 80
A101: 10000 | B101: =0.3048*A101 -> 3048 | C101: =[1]!Tstatic(B101,0) -> #NAME? | D101: =[1]!Interpolation_lin(($A$99,$A$105),($D$99,$D$105),A101) -> #NAME? | E101: =273.15+D101 -> #NAME? | F101: 101 | G101: =[1]!Mach_Vtas(B101,F101,E101-C101) -> #NAME? | H101: =[1]!Pstatic(B101) -> #NAME? | I101: =[1]!Pdyn(H101,G101) -> #NAME? | J101: =[1]!Ptotal(H101,G101) -> #NAME? | K101: 101325 | L101: 11.8 | M101: 4.82 | N101: 77.2 | O101: 101325 | P101: 12.6 | Q101: 12.3 | R101: 137.9 | S101: 80
A102: 15000 | B102: =0.3048*A102 -> 4572 | C102: =[1]!Tstatic(B102,0) -> #NAME? | D102: =[1]!Interpolation_lin(($A$99,$A$105),($D$99,$D$105),A102) -> #NAME? | E102: =273.15+D102 -> #NAME? | F102: 110 | G102: =[1]!Mach_Vtas(B102,F102,E102-C102) -> #NAME? | H102: =[1]!Pstatic(B102) -> #NAME? | I102: =[1]!Pdyn(H102,G102) -> #NAME? | J102: =[1]!Ptotal(H102,G102) -> #NAME? | K102: 101325 | L102: 12.14 | M102: 7.84 | N102: 93.89 | O102: 101325 | P102: 13 | Q102: 15.5 | R102: 156 | S102: 80
A103: 20000 | B103: =0.3048*A103 -> 6096 | C103: =[1]!Tstatic(B103,0) -> #NAME? | D103: =[1]!Interpolation_lin(($A$99,$A$105),($D$99,$D$105),A103) -> #NAME? | E103: =273.15+D103 -> #NAME? | F103: 140 | G103: =[1]!Mach_Vtas(B103,F103,E103-C103) -> #NAME? | H103: =[1]!Pstatic(B103) -> #NAME? | I103: =[1]!Pdyn(H103,G103) -> #NAME? | J103: =[1]!Ptotal(H103,G103) -> #NAME? | K103: 101325 | L103: 12.43 | M103: 10.41 | N103: 106.76 | O103: 101325 | P103: 13.3 | Q103: 18.2 | R103: 170.2 | S103: 80
A104: 25000 | D104: =[1]!Interpolation_lin(($A$99,$A$105),($D$99,$D$105),A104) -> #NAME?
A105: 30000 | D105: 5
A107: ISA | K107: 100kW FC @ 1 bar | O107: 100kW FC @ 1.5 bar
A108: Altitude (ft) | B108: Altitude (m) | C108: ISA (K) | D108: Inlet air temperature (°C) | E108: Inlet air temperature (K) | F108: TAS (m/s) | G108: Mach | H108: Static pressure (Pa) | I108: Dynamic pressure (P) | J108: Total pressure (Pa) | K108: Fuel cell target pressure (Pa) | L108: Compressor weight (kg) | M108: E-motor Power (kW) | N108: Outlet air temperature (°C) | O108: Fuel cell target pressure (Pa) | P108: Compressor weight (kg) | Q108: E-motor Power (kW) | R108: Outlet air temperature (°C) | S108: Fuel cell target temperature (°C)
A109: 0 | B109: =0.3048*A109 -> 0 | C109: =[1]!Tstatic(B109,0) -> #NAME? | D109: =E109-273.15 -> #NAME? | E109: =[1]!Ttotal(C109,G109) -> #NAME? | F109: 0 | G109: =[1]!Mach_Vtas(B109,F109,0) -> #NAME? | H109: =[1]!Pstatic(B109) -> #NAME? | I109: =[1]!Pdyn(H109,G109) -> #NAME? | J109: =[1]!Ptotal(H109,G109) -> #NAME? | K109: 101325 | L109: 11.25 | M109: 0 | N109: 14.85 | O109: 101325 | P109: 11.95 | Q109: 6.2 | R109: 65.4 | S109: 80
A110: 5000 | B110: =0.3048*A110 -> 1524 | C110: =[1]!Tstatic(B110,0) -> #NAME? | D110: =E110-273.15 -> #NAME? | E110: =[1]!Ttotal(C110,G110) -> #NAME? | F110: 94 | G110: =[1]!Mach_Vtas(B110,F110,0) -> #NAME? | H110: =[1]!Pstatic(B110) -> #NAME? | I110: =[1]!Pdyn(H110,G110) -> #NAME? | J110: =[1]!Ptotal(H110,G110) -> #NAME? | K110: 101325 | L110: 11.44 | M110: 1.66 | N110: 23.4 | O110: 101325 | P110: 12.15 | Q110: 7.9 | R110: 74.7 | S110: 80
A111: 10000 | B111: =0.3048*A111 -> 3048 | C111: =[1]!Tstatic(B111,0) -> #NAME? | D111: =E111-273.15 -> #NAME? | E111: =[1]!Ttotal(C111,G111) -> #NAME? | F111: 101 | G111: =[1]!Mach_Vtas(B111,F111,0) -> #NAME? | H111: =[1]!Pstatic(B111) -> #NAME? | I111: =[1]!Pdyn(H111,G111) -> #NAME? | J111: =[1]!Ptotal(H111,G111) -> #NAME? | K111: 101325 | L111: 11.73 | M111: 4.21 | N111: 34.2 | O111: 101325 | P111: 12.45 | Q111: 10.6 | R111: 86.4 | S111: 80
A112: 15000 | B112: =0.3048*A112 -> 4572 | C112: =[1]!Tstatic(B112,0) -> #NAME? | D112: =E112-273.15 -> #NAME? | E112: =[1]!Ttotal(C112,G112) -> #NAME? | F112: 110 | G112: =[1]!Mach_Vtas(B112,F112,0) -> #NAME? | H112: =[1]!Pstatic(B112) -> #NAME? | I112: =[1]!Pdyn(H112,G112) -> #NAME? | J112: =[1]!Ptotal(H112,G112) -> #NAME? | K112: 101325 | L112: 12.02 | M112: 6.76 | N112: 46 | O112: 101325 | P112: 12.75 | Q112: 13.3 | R112: 99.1 | S112: 80
A113: 20000 | B113: =0.3048*A113 -> 6096 | C113: =[1]!Tstatic(B113,0) -> #NAME? | D113: =E113-273.15 -> #NAME? | E113: =[1]!Ttotal(C113,G113) -> #NAME? | F113: 140 | G113: =[1]!Mach_Vtas(B113,F113,0) -> #NAME? | H113: =[1]!Pstatic(B113) -> #NAME? | I113: =[1]!Pdyn(H113,G113) -> #NAME? | J113: =[1]!Ptotal(H113,G113) -> #NAME? | K113: 101325 | L113: 12.26 | M113: 8.9 | N113: 57.4 | O113: 101325 | P113: 13 | Q113: 15.5 | R113: 111.6 | S113: 80

Sheet Power electronics
A1: Inverter
A2: A 50-kW High-Frequency and High-Efficiency SiC Voltage Source Inverter for More Electric Aircraft
A3: https://www.researchgate.net/publication/316445819_A_50-kW_High-Frequency_and_High-Efficiency_SiC_Voltage_Source_Inverter_for_More_Electric_Aircraft
A5: Specific power | B5: 26 | C5: kW/kg | E5: Vincenzo: 11 kW/kg ?
A6: Efficiency | B6: 0.9791
A7: Power density | B7: 25 | C7: kW/L
A10: DC-DC converter
A11: Bidirectional full SiC 200 kW DC-DC Converter for Electric, Hybrid and Fuel Cell Vehicles
A12: https://www.mikroelektronik.fraunhofer.de/content/dam/mikroelektronik/Datenbltter/IISB_200kW-Rekordwandler_DB.pdf
A14: Specific power | B14: 62 | C14: kW/kg
A15: Efficiency | B15: 0.989
A16: Power density | B16: 143 | C16: kW/L
A36: Additional data for DC-DC converter:
A37: Design Considerations for the Electrical Power Supply of Future Civil Aircraft with Active High-Lift Systems, J.K. Mueller 2018
A38: https://pdfs.semanticscholar.org/4671/ac994b57735012d85c9bb01cbc4b4e5c36a9.pdf
A40: Specific power | B40: =1/0.016 -> 62.5 | C40: kW/kg
A41: Efficiency | B41: 0.98

Sheet Fuel system
A1: VALVES AND REGULATORS
A3: CRYOPLANE STUDY
A4: Valve (shut-off function)
A5: Weight | B5: 1 | C5: kg
A6: Dimensions | B6: 50x50x50 | C6: mm
A8: Actuators (regulating functions)
A9: Weight | B9: 2.5 | C9: kg | D9: (2-3 kg depending on the complexity)
A13: PIPES
A14: See Python Notebook
A15: S:\ENGINEERING\CUSTOMIZED_ENGINEERING\PRELIM_DESIGN_INTERNSHIPS\2020_F_Pollet\PART IV - MODELISATIONS\Feeding Lines
A18: CRYO-PUMPS
A19: NO DATA

Sheet Tank
A1: TANK
A3: Python Notebook
A4: S:\ENGINEERING\CUSTOMIZED_ENGINEERING\PRELIM_DESIGN_INTERNSHIPS\2020_F_Pollet\PART IV - MODELISATIONS
A6: INPUTS
A7: Required Energy | B7: 9000 | C7: MJ
A8: Geometry | B8: Ellipsoide | C8: (psi=phi=1, lambda=0.7)
A9: Venting pressure | B9: 4 | C9: bar
A10: Filling pressure | B10: 2 | C10: bar
A11: Wall tank material | B11: Stainless steel
A12: Insulation | B12: Rohacell foam
A13: Insulation thickness | B13: 3 | C13: cm
A14: H2 Temperature | B14: 22 | C14: K
A15: Ambient Temperature | B15: 273 | C15: K
A18: OUTPUTS
A19: Mass hydrogen | B19: 75 | C19: kg
A20: Mass empty tank | B20: 152 | C20: kg | D20: 135kg wall + 17kg insulation
A21: Gravimetric efficiency | B21: =B19/(B19+B20) -> 0.33039648
A22: Tank volume | B22: 3000 | C22: L
A23: Length | B23: 2.4 | C23: m
A24: Diameter | B24: =0.5182*2 -> 1.0364 | C24: m
A25: Heat flux | B25: 10.5 | C25: W
A26: Boil-off | B26: 2 | C26: kg/day

Sheet Cooling module
A1: COOLING SYSTEM
A2: Thermal Management of PEM Fuel Cells in Electric Vehicles
A3: Michael Nöst, Christian Doppler, Manfred Klell and Alexander Trattner
A4: 2018
A27: 1 - COOLING MODULE WEIGHT DATA
A29: WEIGHT-POWER RATIO SELECTED VALUE | B29: 0.18 | C29: kg/kW
A32: INN-BALANCE PROJECT | B32: D1.4 – Public results of the architecture and system level optimization
A33: FC power (gross) | B33: 100 | C33: kW | I33: 6.5 | J33: 2
A34: FC power (net) | B34: 89 | C34: kW | I34: 11.8 | J34: 7.5
A35: Cooling module weight | B35: 17.2 | C35: kg | I35: 19.9 | J35: 230
A36: weight-power ratio | B36: =B35/B33 -> 0.172 | C36: kg/kW | E36: =B33/B35 -> 5.8139535 | I36: 24 | J36: 165
A38: AVACON | B38: ASSESSMENT OF A FUEL CELL POWERED FULL ELECTRIC SUBSYSTEM ARCHITECTURE FOR THE AVACON RESEARCH BASELINE AIRCRAFT, 2019
A39: FC power (gross) | B39: 600 | C39: kW
A40: FC power (net) | B40: 500 | C40: kW
A41: Cooling module weight | B41: 110 | C41: kg
A42: weight-power ratio | B42: =B41/B39 -> 0.18333333 | C42: kg/kW
A45: 2 - PUMP POWER SIZING
A46: Python Notebook (WIP)
A47: Heat exchanger
A49: Hypothesis | B49: Derived from Vratny "Conceptual Design Methods of Electric Power Architectures for Hybrid Energy Aircraft"
A50: Stack power | B50: 100 | C50: kW
A51: Coolant inlet Temp. | B51: 70 | C51: °C
A52: Coolant outlet Temp. | B52: 80 | C52: °C
A53: Pressure drop | B53: 2 | C53: bar
A54: Coolant specific heat | B54: 3200 | C54: J/kg/K | D54: Potassium formate/water 40:60 wt
A55: Coolant density | B55: 1250 | C55: kg/m3
A56: Safety factor | B56: 1.2 | C56: uncertainties
A58: Python Outputs
A59: Heat flow | B59: 92.3 | C59: kW
A60: Elec. Power consumption | B60: 0.7 | C60: kW | D60: per stack
A63: 3 - Hydrogen Heat Sink potential
A64: H2 heat sink
A65: FC power | B65: ='Power & Mass breakdown'!B4 -> 2500 | C65: kW
A66: m_dot | B66: =0.0000000105*B65*1000/0.65 -> 0.040384615 | C66: kg/s
A67: he | B67: =461 -> 461 | C67: kJ/kg
A68: cp | B68: 15 | C68: kJ/kg/K
A69: T_1 | B69: 20 | C69: K
A70: T_2 | B70: =273.15+80 -> 353.15 | C70: K
A71: q_H2 | B71: =B66*B67+B66*B68*(B70-B69) -> 220.42933 | C71: kW
A72: % of the waste heat | B72: =B71/SHX_old!B7 -> 0.12595962

Sheet Layouts

Sheet Cooling_old
A1: COOLING SYSTEM
A3: 1 - RADIATOR WEIGHT DATA
B4: https://www.akg-group.com/fileadmin/user_upload/Brochures/AKG-Line/AKG_LineA_en.pdf
A5: AKG-Line Radiator with fan | B5: https://www.akg-group.com/fileadmin/user_upload/Brochures/AKG-Line/AKG_LineH_en.pdf | AP5: 0
A6: Product | B6: H50/A35 | C6: H80/A60 | D6: H110/A75 | E6: H150/A105 | F6: H175/A120 | G6: H200/A135 | H6: H320/A225 | I6: H490/A330
A7: Max. Specific heat rejection (kW/K) | B7: 0.93 | C7: 1.38 | D7: 1.85 | E7: 2.7 | F7: 3 | G7: 3.4 | H7: 5.55 | I7: 8.2
A8: Max. oil flow (l/min) | B8: 250 | C8: 350 | D8: 500 | E8: 700 | F8: 700 | G8: 700 | H8: 800 | I8: 950
A9: Coolant temperature (°C) | B9: 75
A10: Delta Temperature (K) | B10: =B9-'Power & Mass breakdown'!B7 -> 51
A11: Max. heat rejection (kW) | B11: =B7*$B$10 -> 47.43 | C11: =C7*$B$10 -> 70.38 | D11: =D7*$B$10 -> 94.35 | E11: =E7*$B$10 -> 137.7 | F11: =F7*$B$10 -> 153 | G11: =G7*$B$10 -> 173.4 | H11: =H7*$B$10 -> 283.05 | I11: =I7*$B$10 -> 418.2
A12: Weight (kg) - with hydraulic motor | B12: 35 | C12: 61 | D12: 73 | E12: 87 | F12: 115 | G12: 135 | H12: 180 | I12: 232
A13: Weight (kg) - with AC motor | B13: 43 | C13: 69 | D13: 81 | E13: 100 | F13: 128 | G13: 148 | H13: 217 | I13: 343
A14: Volume (L) - radiator only | B14: =0.601*0.7*0.18/2*1000 -> 37.863 | C14: =0.666*0.79*0.24/2*1000 -> 63.1368 | D14: =0.791*0.94*0.34/2*1000 -> 126.4018 | E14: =0.884*0.99*0.34/2*1000 -> 148.7772 | F14: =0.992*1.04*0.41/2*1000 -> 211.4944 | G14: =0.989*1.09*0.41/2*1000 -> 220.99205 | H14: =1.22*1.24*0.41/2*1000 -> 310.124 | I14: =1.524*1.34*0.41/2*1000 -> 418.6428
A15: Frontal area (m2) | B15: =0.601*0.7 -> 0.4207 | C15: =0.666*0.79 -> 0.52614 | D15: =0.791*0.94 -> 0.74354 | E15: =0.884*0.99 -> 0.87516 | F15: =0.992*1.04 -> 1.03168 | G15: =0.989*1.09 -> 1.07801 | H15: =1.22*1.24 -> 1.5128 | I15: =1.524*1.34 -> 2.04216
A16: Power consumption (kW) - AC motor | B16: 0.75 | C16: 0.75 | D16: 0.75 | E16: 2.2 | F16: 2.2 | G16: 2.2 | H16: 5.5 | I16: 11
A17: AC Motor & brackets weight (scaling law m = 3*P^1.5) | B17: =3*B16^(3/2) -> 1.9485572 | C17: =3*C16^(3/2) -> 1.9485572 | D17: =3*D16^(3/2) -> 1.9485572 | E17: =3*E16^(3/2) -> 9.789382 | F17: =3*F16^(3/2) -> 9.789382 | G17: =3*G16^(3/2) -> 9.789382 | H17: =3*H16^(3/2) -> 38.69593 | I17: =3*I16^(3/2) -> 109.44862
A18: Cooling-mass ratio [kW/kg] | B18: =B11/B12 -> 1.3551429 | C18: =C11/C13 -> 1.02 | D18: =D11/D13 -> 1.1648148 | E18: =E11/E13 -> 1.377 | F18: =F11/F13 -> 1.1953125 | G18: =G11/G13 -> 1.1716216 | H18: =H11/H13 -> 1.3043779 | I18: =I11/I13 -> 1.219242
B19: =(B13-B12)/B13 -> 0.18604651 | C19: =(C13-C12)/C13 -> 0.11594203 | D19: =(D13-D12)/D13 -> 0.098765432 | E19: =(E13-E12)/E13 -> 0.13 | F19: =(F13-F12)/F13 -> 0.1015625 | G19: =(G13-G12)/G13 -> 0.087837838 | H19: =(H13-H12)/H13 -> 0.17050691 | I19: =(I13-I12)/I13 -> 0.32361516
A20: Number of radiators (input) | B20: 10
A21: RADIATOR WEIGHT (unit / total) | B21: =SLOPE(B12:I12,B11:I11)*('Power & Mass breakdown'!B13/B20)+INTERCEPT(B12:I12,B11:I11) -> 116.22295 | C21: =B20*B21 -> 1162.2295 | D21: kg | F21: Available cross section area - bellyfairing
A22: RADIATOR VOLUME (unit / total) | B22: =SLOPE(B14:I14,B11:I11)*('Power & Mass breakdown'!B13/B20)+INTERCEPT(B14:I14,B11:I11) -> 195.01932 | C22: =B20*B22 -> 1950.1932 | D22: l | F22: < 4 m2
A23: FRONTAL AREA (unit / total) | B23: =SLOPE(B15:I15,B11:I11)*('Power & Mass breakdown'!B13/B20)+INTERCEPT(B15:I15,B11:I11) -> 1.0408663 | C23: =B20*B23 -> 10.408663 | D23: m2
A24: FAN MOTOR CONSUMPTION (unit / total) | B24: =('Power & Mass breakdown'!B13/B20)/I11*I16 -> 4.6030607 | C24: =B20*B24 -> 46.030607 | D24: kW | F24: =SLOPE(B8:I8,B11:I11)*('Power & Mass breakdown'!B13/B20)+INTERCEPT(B8:I8,B11:I11) -> 623.50586 | G24: =F24*B20 -> 6235.0586
A25: HEAT REJECTION (unit / total) | B25: ='Power & Mass breakdown'!B13/Cooling_old!B20 -> 175 | C25: =B20*B25 -> 1750 | D25: kW
A28: 2 - COOLING MODULE WEIGHT DATA
A30: WEIGHT-POWER RATIO SELECTED VALUE | B30: 0.18 | C30: kg/kW
A33: INN-BALANCE PROJECT | B33: D1.4 – Public results of the architecture and system level optimization
A34: FC power (gross) | B34: 100 | C34: kW | I34: 6.5 | J34: 2
A35: FC power (net) | B35: 89 | C35: kW | I35: 11.8 | J35: 7.5
A36: Cooling module weight | B36: 17.2 | C36: kg | I36: 19.9 | J36: 230
A37: weight-power ratio | B37: =B36/B34 -> 0.172 | C37: kg/kW | E37: =B34/B36 -> 5.8139535 | I37: 24 | J37: 165
A39: AVACON | B39: ASSESSMENT OF A FUEL CELL POWERED FULL ELECTRIC SUBSYSTEM ARCHITECTURE FOR THE AVACON RESEARCH BASELINE AIRCRAFT, 2019
A40: FC power (gross) | B40: 600 | C40: kW
A41: FC power (net) | B41: 500 | C41: kW
A42: Cooling module weight | B42: 110 | C42: kg
A43: weight-power ratio | B43: =B42/B40 -> 0.18333333 | C43: kg/kW
A47: 3 - PUMP POWER SIZING
A48: Python Notebook (WIP)
A49: Heat exchanger
A51: Hypothesis | B51: Derived from Vratny "Conceptual Design Methods of Electric Power Architectures for Hybrid Energy Aircraft"
A52: Stack power | B52: 100 | C52: kW
A53: Coolant inlet Temp. | B53: 70 | C53: °C
A54: Coolant outlet Temp. | B54: 80 | C54: °C
A55: Pressure drop | B55: 2 | C55: bar
A56: Coolant specific heat | B56: 3200 | C56: J/kg/K | D56: Potassium formate/water 40:60 wt
A57: Coolant density | B57: 1250 | C57: kg/m3
A58: Safety factor | B58: 1.2 | C58: uncertainties
A60: Python Outputs
A61: Heat flow | B61: 92.3 | C61: kW
A62: Elec. Power consumption | B62: 0.7 | C62: kW
A67: ADDITIONAL DATA
A70: KAORI BPHE Heat exchanger (liquid to liquid) | B70: https://www.kaori-bphe.com/ | E70: OBSOLETE
A71: WEIGHT VARIATION WITH POWER | B71: =MIN(B83:F83) -> 0.38358931 | C71: kg/kW
A72: Linear coefficients mass (kg) = a * power (kW) + b | B72: 0.2993 | C72: (a)
B73: 57.478 | C73: (b)
A75: VOLUME VARIATION WITH POWER | B75: =MIN(B85:F85) -> 0.22798528 | C75: L/kW
A76: Linear coefficients volume (L) = a * power (kW) + b | B76: 0.1674 | C76: (a)
B77: 39.86 | C77: (b)
A79: Product | B79: K200 | C79: K215 | D79: K205 | E79: Z400 | F79: Z600
A80: Max. Heat transfer (kW) | B80: 140.64 | C80: 175.8 | D80: 175.8 | E80: 527.4 | F80: 703.2
A81: Number of plates N | B81: 220 | C81: 222 | D81: 220 | E81: 210 | F81: 180
A82: Weight (kg) | B82: =6.89+0.404*B81 -> 95.77 | C82: =7.36+0.473*C81 -> 112.366 | D82: =7.3+0.48*D81 -> 112.9 | E82: =25.32+0.89*E81 -> 212.22 | F82: =48.34+1.23*F81 -> 269.74
A83: weight-HXpower ratio (kg/kW) | B83: =B82/B80 -> 0.68095848 | C83: =C82/C80 -> 0.63916951 | D83: =D82/D80 -> 0.64220705 | E83: =E82/E80 -> 0.40238908 | F83: =F82/F80 -> 0.38358931
A84: Volume (L) | B84: =186*613*(14+2.4*B81)*0.000001 -> 61.797756 | C84: =247*529*(13+2.4*C81)*0.000001 -> 71.315865 | D84: =246*528*(14+2.4*D81)*0.000001 -> 70.399296 | E84: =321*751*(14+2.38*E81)*0.000001 -> 123.86228 | F84: =375*945*(24+2.38*180)*0.000001 -> 160.31925
A85: volume-Hxpower ratio (L/kW) | B85: =B84/B80 -> 0.43940384 | C85: =C84/C80 -> 0.40566476 | D85: =D84/D80 -> 0.40045106 | E85: =E84/E80 -> 0.23485453 | F85: =F84/F80 -> 0.22798528
A89: APU - Long Endurance Demonstrator aircraft (CIRA) | B89: Design methodology for a PEM fuel cell power system in a more electrical aircraft, 2016, D. Guida a, M. Minutillo
A90: Fuel cell power (gross) | B90: 25 | C90: kW
A91: Fuel cell power (net) | B91: 24.2 | C91: kW
A92: Heat exchanger weight | B92: 24 | C92: kg | D92: Titan Air heat exchanger (model H-1-20A-600)
A93: weight-FCpower ratio | B93: 1 | C93: kg/kW
A95: AVACON | B95: ASSESSMENT OF A FUEL CELL POWERED FULL ELECTRIC SUBSYSTEM ARCHITECTURE FOR THE AVACON RESEARCH BASELINE AIRCRAFT, 2019
A96: FC power (gross) | B96: 600 | C96: kW
A97: FC power (net) | B97: 500 | C97: kW
A98: Heat exchanger weight | B98: 370 | C98: kg
A99: weight-FCpower ratio | B99: =B98/B96 -> 0.61666667 | C99: kg/kW
A102: HONEYWELL | B102: Development of Thermal and Water Management System for PEM Fuel Cell, 2010
A103: Fuel cell power | B103: 80 | C103: 80 | D103: kW
A104: Radiator weight | B104: 4.5 | C104: 5.9 | D104: kg
A105: weight-power ratio | B105: =B104/B103 -> 0.05625 | C105: =C104/B103 -> 0.07375 | D105: kg/kW
A106: Dimensions | B106: 700x450x33 | D106: mm
A109: Ion Tiger - UAV project | B109: Cooling System Design for PEM Fuel Cell Powered Air Vehicles, 2010
A110: FC power | B110: 0.8 | C110: 0.8 | D110: kW
A111: Radiator weight | B111: 0.5 | C111: 1 | D111: kg
A112: weight-power ratio | B112: =B111/B110 -> 0.625 | C112: =C111/C110 -> 1.25 | D112: kg/kW
A115: OVERALL COOLING SYSTEM WEIGHT
A118: HYBRID-ELECTRIC MOTIVE POWER SYSTEMS FOR COMMUTER TRANSPORT APPLICATIONS
A119: Mass penalty / extracted thermal energy | B119: 1.5 | C119: kW/kg
A120: or | B120: 1.5 | C120: kg/kW | D120: ?
A127: Air Cooling Technology for Advanced Power Electronics and Electric Machines | F127: https://www.nrel.gov/transportation/assets/pdfs/45785.pdf
A128: Specific power | B128: =3/3.8 -> 0.78947368 | C128: kW/kg
A138: THERMAL MANAGEMENT - SENSITIVITY STUDY
A140: Radiators & Fan assembly (AKG)
A142: FC system gross power (kW) | B142: 1800
A143: Heat to reject (kW) | B143: =B142/0.5*0.35 -> 1260
A144: Coolant temperature (°C) | B144: 80
A145: Altitude (ft) | B145: 0 | C145: 5000 | D145: 10000 | E145: 15000 | F145: 20000
A146: ISA temperature (°C) | B146: 15 | C146: 5.1 | D146: -4.8 | E146: -14.7 | F146: -24.6
A147: ISA +30 (°C) | B147: =B146+30 -> 45 | C147: =C146+30 -> 35.1 | D147: =D146+30 -> 25.2 | E147: =E146+30 -> 15.3 | F147: =F146+30 -> 5.4
A148: Delta Temperature (K) | B148: =$B$144-B147 -> 35 | C148: =$B$144-C147 -> 44.9 | D148: =$B$144-D147 -> 54.8 | E148: =$B$144-E147 -> 64.7 | F148: =$B$144-F147 -> 74.6
A149: Radiators + fans weight (kg) | B149: 1476.5171 | C149: 1151.9515 | D149: 944.65598 | E149: 800.79865 | F149: 695.1233
...

Sheet SHX_old
A1: SKIN HEAT EXCHANGERS
A2: S:\ENGINEERING\CUSTOMIZED_ENGINEERING\PRELIM_DESIGN_INTERNSHIPS\2020_F_Pollet\1 - DOCUMENTS\THERMAL MANAGEMENT\Skin Heat
A3: Cooling Ability/Capacity and Exergy Penalty Analysis of Each Heat Sink of Modern Supersonic Aircraft, Mao 2019
A4: Cours ISAE – Systèmes d'Air Electriques - Janvier 2020 - D. LAVERGNE, LIEBHERR
A6: Cooling required
A7: Q_req | B7: ='Power & Mass breakdown'!B13 -> 1750 | C7: kW | I7: Stefan-Boltzmann constant | J7: 5.67e-08 | K7: W/m2/K
A9: Operating conditions | I9: Thermo-aero parameters
A10: Altitude | B10: 20000 | C10: ft | I10: Thermal conductivity air | J10: 0.02436 | K10: W/m/K
A11: T_stat (OAT) | B11: =[1]!Tstatic(B10*0.3048,25) -> #NAME? | C11: K | D11: Hot day, ISA+25 | I11: Reynolds | J11: =[1]!Reynolds(B12,B13,B11) -> #NAME?
A12: Mach max | B12: 0.45 | I12: Prandtl | J12: 0.71
A13: P_stat | B13: =[1]!Pstatic(B10*0.3048) -> #NAME? | C13: Pa | I13: Nusselt (turbulent flow) | J13: =(0.037*J11^0.8*J12)/(1+2.443*J11^(-0.1)*(J12^(2/3)-1)) -> #NAME? | K13: Petukov (High Temperature I, 1963) and Schlichting (Grenzschicht-Theorie, 1958).
A14: T_tot | B14: =[1]!Ttotal(B11,B12) -> #NAME? | C14: K | I14: Nusselt (laminar flow) | J14: =0.332*J11^0.5*J12^(1/3) -> #NAME? | K14: https://www.tec-science.com/mechanics/gases-and-liquids/calculation-of-the-nusselt-numbers-for-forced-flows-over-plates-and-in-pipes/
A16: Skin heat transfer
A17: T_load | B17: =70+273.15 -> 343.15 | C17: K | D17: heat exchanger temperature, coolant side
A18: eta_shx | B18: 0.8 | D18: skin heat transfer efficiency
A19: T_skin | B19: =B14+B18*(B17-B14) -> #NAME? | C19: K | D19: heat exchanger temperature, air side
A20: h_shx | B20: =J13*J10 -> #NAME? | C20: W/m2/K | D20: outside convective coefficient
A21: e_skin | B21: 0.7 | D21: skin emissivity
A22: q_shx | B22: =B20*(B19-B14)+J7*B21*(B19^4-B11^4) -> #NAME? | C22: W/m2
A24: Radiation power
A25: q_rad | B25: =1135+240*B10/40000 -> 1255 | C25: W/m2
A27: Skin heat exchanger geometry
A28: A_skin | B28: =B7*1000/(B22-B25/2) -> #NAME? | C28: m2 | D28: skin surface
A29: m x c | B29: =B7/(B17-B19) -> #NAME? | C29: kW/K | D29: coolant thermal flow rate
A30: A_eff | B30: =-B29*1000*LN(1-B18)/B20 -> #NAME? | C30: m2 | D30: effective heat transfer area (between coolant and skin)
A31: alpha | B31: 600 | C31: m2/m3 | D31: surface area density
A32: rho_shx | B32: 300 | C32: kg/m3 | D32: mass density
A33: m_shx | B33: =B32*B30/B31 -> #NAME? | C33: kg
A35: SENSITIVITY STUDY
A37: FC gross power [kW] | B37: Q_req [kW] | C37: Eta_shx | D37: A_skin [m2] | E37: m_shx [kg] | F37: Cooling-mass ratio [kW/kg] | G37: Cooling-area ratio [kW/m2]
A38: 1800 | B38: 1260 | C38: 0.5 | D38: 283.6 | E38: 88.98 | F38: =Table3[[#This Row],[Q_req '[kW']]]/Table3[[#This Row],[m_shx '[kg']]] -> 14.160486 | G38: =Table3[[#This Row],[Q_req '[kW']]]/Table3[[#This Row],[A_skin '[m2']]] -> 4.4428773
A39: 1800 | B39: 1260 | C39: 0.6 | D39: 231 | E39: 147.02 | F39: =Table3[[#This Row],[Q_req '[kW']]]/Table3[[#This Row],[m_shx '[kg']]] -> 8.5702625 | G39: =Table3[[#This Row],[Q_req '[kW']]]/Table3[[#This Row],[A_skin '[m2']]] -> 5.4545455
A40: 1800 | B40: 1260 | C40: 0.7 | D40: 194.8 | E40: 257.58 | F40: =Table3[[#This Row],[Q_req '[kW']]]/Table3[[#This Row],[m_shx '[kg']]] -> 4.8916841 | G40: =Table3[[#This Row],[Q_req '[kW']]]/Table3[[#This Row],[A_skin '[m2']]] -> 6.4681725
A41: 1800 | B41: 1260 | C41: 0.8 | D41: 168.4 | E41: 516.49 | F41: =Table3[[#This Row],[Q_req '[kW']]]/Table3[[#This Row],[m_shx '[kg']]] -> 2.4395438 | G41: =Table3[[#This Row],[Q_req '[kW']]]/Table3[[#This Row],[A_skin '[m2']]] -> 7.4821853
A42: 1800 | B42: 1260 | C42: 0.9 | D42: 148.3 | E42: 1477.85 | F42: =Table3[[#This Row],[Q_req '[kW']]]/Table3[[#This Row],[m_shx '[kg']]] -> 0.85258991 | G42: =Table3[[#This Row],[Q_req '[kW']]]/Table3[[#This Row],[A_skin '[m2']]] -> 8.4962913
A58: Misc.
A60: Sakuma2017
A61: L | B61: =900/1000 -> 0.9
A62: s | B62: =4/1000 -> 0.004
A63: H | B63: =25/1000 -> 0.025
A64: t | B64: =0.8/1000 -> 0.0008
A65: Volume | B65: =B61*B62*B63 -> 9e-05 | C65: m3
A66: A_eff | B66: =B61*(B62+2*B63) -> 0.0486 | C66: m2
A67: Area density | B67: =B66/B65 -> 540 | C67: m2/m3
A68: A_eff/A_proj | B68: =B66/(B61*B62) -> 13.5 | C68: m2/m2
